區域別,性別,總計,0 ~ 4 歲合計,0歲,1歲,2歲,3歲,4歲,5 ~ 9 歲合計,5歲,6歲,7歲,8歲,9歲,10 ~ 14 歲合計,10歲,11歲,12歲,13歲,14歲,15 ~ 19 歲合計,15歲,16歲,17歲,18歲,19歲,20 ~ 24 歲合計,20歲,21歲,22歲,23歲,24歲,25 ~ 29 歲合計,25歲,26歲,27歲,28歲,29歲,30 ~ 34 歲合計,30歲,31歲,32歲,33歲,34歲,35 ~ 39 歲合計,35歲,36歲,37歲,38歲,39歲,40 ~ 44 歲合計,40歲,41歲,42歲,43歲,44歲,45 ~ 49 歲合計,45歲,46歲,47歲,48歲,49歲,50 ~ 54 歲合計,歲,歲,歲,歲,歲,55 ~ 59 歲合計,55歲,56歲,57歲,58歲,59歲,60 ~ 64 歲合計,60歲,61歲,62歲,63歲,64歲,65 ~ 69 歲合計,65歲,66歲,67歲,68歲,69歲,70 ~ 74 歲合計,70歲,71歲,72歲,73歲,74歲,75 ~ 79 歲合計,75歲,76歲,77歲,78歲,79歲,80 ~ 84 歲合計,80歲,81歲,82歲,83歲,84歲,85 ~ 89 歲合計,85歲,86歲,87歲,88歲,89歲,90 ~ 94 歲合計,90歲,91歲,92歲,93歲,94歲,95 ~ 99 歲合計,95歲,96歲,97歲,98歲,99歲,100歲以上
總計,,265403,10192,1813,2365,2112,1797,2105,11740,2086,2354,2335,2353,2612,15693,2605,2908,2960,3744,3476,17914,3057,3718,3626,3776,3737,18234,3675,3562,3564,3856,3577,19380,4053,3581,3429,4029,4288,22744,4223,4675,4642,4560,4644,22585,4573,4392,5088,4312,4220,21980,4250,4272,4236,4645,4577,22168,4555,4426,4332,4376,4479,21635,4376,4450,4238,4361,4210,20200,3964,4111,4204,4119,3802,16473,3667,3526,3614,2991,2675,8808,2418,1978,1550,1293,1569,6813,1568,1428,1363,1291,1163,4420,1021,973,841,838,747,2586,573,578,530,492,413,1382,360,310,309,223,180,383,130,105,77,39,32,63,15,15,18,6,9,10
合計　,男,128396,5268,933,1181,1123,944,1087,6158,1076,1219,1236,1208,1419,8080,1329,1473,1528,1984,1766,9134,1608,1892,1813,1925,1896,9397,1905,1869,1835,2019,1769,9885,2124,1825,1731,2086,2119,11051,2054,2276,2317,2220,2184,10508,2176,2004,2431,1969,1928,10095,1959,1909,1957,2186,2084,10353,2125,2120,2050,1996,2062,9882,1987,2057,1945,1938,1955,9440,1883,1890,1998,1912,1757,7739,1711,1649,1681,1401,1297,4276,1174,969,762,602,769,3221,759,678,658,590,536,1893,444,413,360,355,321,1197,253,266,245,239,194,646,166,142,158,114,66,147,47,40,30,18,12,22,6,6,4,2,4,4
合計,女,137007,4924,880,1184,989,853,1018,5582,1010,1135,1099,1145,1193,7613,1276,1435,1432,1760,1710,8780,1449,1826,1813,1851,1841,8837,1770,1693,1729,1837,1808,9495,1929,1756,1698,1943,2169,11693,2169,2399,2325,2340,2460,12077,2397,2388,2657,2343,2292,11885,2291,2363,2279,2459,2493,11815,2430,2306,2282,2380,2417,11753,2389,2393,2293,2423,2255,10760,2081,2221,2206,2207,2045,8734,1956,1877,1933,1590,1378,4532,1244,1009,788,691,800,3592,809,750,705,701,627,2527,577,560,481,483,426,1389,320,312,285,253,219,736,194,168,151,109,114,236,83,65,47,21,20,41,9,9,14,4,5,6
本上里,小計,6043,225,27,49,52,46,51,388,70,79,71,83,85,548,113,118,101,118,98,464,72,94,97,85,116,497,85,81,122,123,86,486,107,98,87,101,93,449,89,90,96,99,75,384,81,62,96,79,66,385,70,67,79,84,85,450,95,90,99,90,76,499,108,99,88,85,119,540,104,107,116,107,106,355,94,72,77,60,52,117,37,26,18,17,19,97,33,17,15,18,14,73,15,19,13,10,16,48,10,15,12,6,5,33,4,9,11,4,5,3,0,1,0,0,2,2,1,0,0,0,1,0
本上里　,男,2879,127,10,30,40,22,25,212,39,44,34,41,54,273,57,56,54,60,46,231,33,50,43,42,63,275,45,40,76,65,49,229,52,50,37,44,46,239,39,54,49,56,41,136,29,27,35,23,22,148,19,28,32,34,35,177,41,32,39,42,23,216,49,37,41,34,55,252,51,48,53,54,46,179,44,37,44,29,25,57,19,18,7,7,6,47,18,10,6,9,4,36,7,13,6,3,7,26,4,7,7,4,4,17,1,5,6,2,3,1,0,1,0,0,0,1,0,0,0,0,1,0
本上里,女,3164,98,17,19,12,24,26,176,31,35,37,42,31,275,56,62,47,58,52,233,39,44,54,43,53,222,40,41,46,58,37,257,55,48,50,57,47,210,50,36,47,43,34,248,52,35,61,56,44,237,51,39,47,50,50,273,54,58,60,48,53,283,59,62,47,51,64,288,53,59,63,53,60,176,50,35,33,31,27,60,18,8,11,10,13,50,15,7,9,9,10,37,8,6,7,7,9,22,6,8,5,2,1,16,3,4,5,2,2,2,0,0,0,0,2,1,1,0,0,0,0,0
本元里　,小計,6615,278,36,67,52,46,77,377,56,64,83,78,96,501,82,104,97,122,96,461,67,110,100,104,80,462,87,85,92,105,93,503,102,110,84,103,104,520,100,106,106,99,109,514,95,105,124,97,93,507,112,102,95,101,97,509,86,109,101,111,102,553,98,123,102,134,96,512,100,116,101,105,90,372,80,74,72,76,70,208,53,53,39,30,33,163,35,39,33,28,28,81,15,18,16,21,11,50,15,9,8,14,4,31,11,5,8,4,3,12,2,4,1,3,2,1,0,0,1,0,0,0
本元里　,男,3177,144,19,32,27,27,39,192,27,33,46,38,48,248,40,54,48,59,47,223,34,59,43,51,36,238,41,49,46,55,47,246,53,56,39,53,45,247,48,58,45,48,48,236,49,49,53,41,44,234,52,46,38,50,48,232,34,54,51,43,50,252,42,51,53,59,47,241,47,56,43,51,44,171,31,34,35,32,39,97,24,28,15,16,14,88,17,26,19,12,14,41,10,8,9,7,7,28,8,5,4,10,1,18,6,2,6,2,2,1,1,0,0,0,0,0,0,0,0,0,0,0
本元里　,女,3438,134,17,35,25,19,38,185,29,31,37,40,48,253,42,50,49,63,49,238,33,51,57,53,44,224,46,36,46,50,46,257,49,54,45,50,59,273,52,48,61,51,61,278,46,56,71,56,49,273,60,56,57,51,49,277,52,55,50,68,52,301,56,72,49,75,49,271,53,60,58,54,46,201,49,40,37,44,31,111,29,25,24,14,19,75,18,13,14,16,14,40,5,10,7,14,4,22,7,4,4,4,3,13,5,3,2,2,1,11,1,4,1,3,2,1,0,0,1,0,0,0
本文里　,小計,2393,89,14,15,25,20,15,80,20,15,16,15,14,98,10,20,19,23,26,127,25,19,31,24,28,162,36,24,30,42,30,171,36,35,30,35,35,197,33,35,44,45,40,244,44,59,52,40,49,194,43,34,41,50,26,184,47,33,32,31,41,179,44,33,34,41,27,175,38,35,34,43,25,172,33,31,40,25,43,114,27,27,21,18,21,106,23,22,25,16,20,57,8,12,15,9,13,24,8,4,6,2,4,15,2,5,4,0,4,4,3,0,0,0,1,1,0,1,0,0,0,0
本文里　,男,1181,42,8,5,13,10,6,44,11,4,11,8,10,49,3,7,8,17,14,56,9,10,17,9,11,80,24,8,16,17,15,86,21,16,14,18,17,105,16,16,24,29,20,126,23,32,22,22,27,105,26,22,19,26,12,95,24,18,19,15,19,87,19,19,16,17,16,84,16,17,16,23,12,76,16,10,18,11,21,58,15,14,10,6,13,47,8,12,7,9,11,23,2,5,8,1,7,8,2,2,2,1,1,7,1,2,2,0,2,2,1,0,0,0,1,1,0,1,0,0,0,0
本文里　,女,1212,47,6,10,12,10,9,36,9,11,5,7,4,49,7,13,11,6,12,71,16,9,14,15,17,82,12,16,14,25,15,85,15,19,16,17,18,92,17,19,20,16,20,118,21,27,30,18,22,89,17,12,22,24,14,89,23,15,13,16,22,92,25,14,18,24,11,91,22,18,18,20,13,96,17,21,22,14,22,56,12,13,11,12,8,59,15,10,18,7,9,34,6,7,7,8,6,16,6,2,4,1,3,8,1,3,2,0,2,2,2,0,0,0,0,0,0,0,0,0,0,0
本安里　,小計,5892,237,32,56,49,39,61,430,69,74,93,93,101,539,101,114,97,138,89,457,93,95,83,96,90,440,80,89,89,102,80,431,106,78,63,80,104,449,90,92,107,79,81,466,95,81,115,88,87,429,84,79,79,98,89,437,95,87,87,81,87,462,91,91,84,108,88,427,90,76,94,90,77,312,71,67,74,55,45,140,44,28,20,19,29,102,23,25,16,21,17,61,16,13,12,10,10,48,9,9,15,7,8,17,1,4,6,2,4,8,2,1,3,2,0,0,0,0,0,0,0,0
本安里　,男,2854,117,15,25,25,22,30,238,35,43,52,53,55,278,41,60,49,78,50,243,48,57,45,47,46,225,43,51,39,51,41,222,49,42,31,44,56,229,45,43,62,40,39,184,35,32,49,30,38,179,45,29,32,33,40,189,46,31,40,38,34,202,31,47,33,52,39,210,43,36,48,44,39,156,35,30,38,29,24,74,24,16,11,9,14,47,8,9,8,11,11,28,8,9,5,5,1,25,4,5,8,6,2,6,0,1,3,2,0,2,0,0,1,1,0,0,0,0,0,0,0,0
本安里　,女,3038,120,17,31,24,17,31,192,34,31,41,40,46,261,60,54,48,60,39,214,45,38,38,49,44,215,37,38,50,51,39,209,57,36,32,36,48,220,45,49,45,39,42,282,60,49,66,58,49,250,39,50,47,65,49,248,49,56,47,43,53,260,60,44,51,56,49,217,47,40,46,46,38,156,36,37,36,26,21,66,20,12,9,10,15,55,15,16,8,10,6,33,8,4,7,5,9,23,5,4,7,1,6,11,1,3,3,0,4,6,2,1,2,1,0,0,0,0,0,0,0,0
本和里　,小計,8201,365,64,85,69,72,75,317,86,76,59,46,50,350,47,44,66,100,93,555,88,111,123,130,103,596,135,106,118,122,115,611,132,109,106,137,127,772,164,152,155,163,138,791,175,143,169,163,141,678,129,122,132,144,151,742,158,132,167,149,136,668,150,120,142,123,133,611,132,120,125,119,115,497,110,117,112,88,70,240,63,49,41,45,42,201,37,47,54,33,30,95,36,14,11,12,22,64,14,18,14,11,7,34,5,10,8,8,3,11,5,4,1,1,0,1,0,1,0,0,0,2
本和里　,男,4005,183,30,40,34,37,42,169,54,38,22,24,31,167,17,16,34,56,44,278,48,60,58,57,55,336,89,65,56,73,53,318,73,62,53,72,58,388,91,74,75,85,63,363,73,70,76,77,67,330,60,57,72,70,71,356,75,69,84,64,64,314,76,60,61,55,62,273,64,49,60,46,54,230,53,58,50,41,28,113,38,23,19,20,13,109,21,25,29,21,13,36,11,7,5,6,7,17,2,7,3,3,2,22,4,6,4,6,2,3,1,1,1,0,0,0,0,0,0,0,0,0
本和里　,女,4196,182,34,45,35,35,33,148,32,38,37,22,19,183,30,28,32,44,49,277,40,51,65,73,48,260,46,41,62,49,62,293,59,47,53,65,69,384,73,78,80,78,75,428,102,73,93,86,74,348,69,65,60,74,80,386,83,63,83,85,72,354,74,60,81,68,71,338,68,71,65,73,61,267,57,59,62,47,42,127,25,26,22,25,29,92,16,22,25,12,17,59,25,7,6,6,15,47,12,11,11,8,5,12,1,4,4,2,1,8,4,3,0,1,0,1,0,1,0,0,0,2
本武里　,小計,2134,87,10,15,16,21,25,165,26,41,37,31,30,138,26,30,24,31,27,134,19,26,31,28,30,141,27,33,21,35,25,123,26,18,20,25,34,152,23,33,28,30,38,236,46,46,56,46,42,161,38,25,38,33,27,124,22,23,33,31,15,146,26,30,29,31,30,139,18,29,31,33,28,128,19,25,34,21,29,105,31,21,24,15,14,83,14,19,21,15,14,35,12,7,6,8,2,20,6,6,4,4,0,13,3,4,2,2,2,4,1,2,1,0,0,0,0,0,0,0,0,0
本武里　,男,1031,40,6,9,5,10,10,89,12,22,25,15,15,76,17,21,10,16,12,70,11,13,17,19,10,70,10,16,8,23,13,59,15,5,10,14,15,64,6,15,13,15,15,112,25,19,30,20,18,78,21,12,22,12,11,55,9,9,14,16,7,71,13,13,14,15,16,60,8,11,14,17,10,59,10,14,13,9,13,47,15,8,9,6,9,49,10,9,12,8,10,16,5,3,2,6,0,9,1,4,2,2,0,7,2,3,1,1,0,0,0,0,0,0,0,0,0,0,0,0,0,0
本武里　,女,1103,47,4,6,11,11,15,76,14,19,12,16,15,62,9,9,14,15,15,64,8,13,14,9,20,71,17,17,13,12,12,64,11,13,10,11,19,88,17,18,15,15,23,124,21,27,26,26,24,83,17,13,16,21,16,69,13,14,19,15,8,75,13,17,15,16,14,79,10,18,17,16,18,69,9,11,21,12,16,58,16,13,15,9,5,34,4,10,9,7,4,19,7,4,4,2,2,11,5,2,2,2,0,6,1,1,1,1,2,4,1,2,1,0,0,0,0,0,0,0,0,0
本揚里　,小計,9348,396,79,78,88,73,78,624,96,123,118,141,146,776,140,156,170,178,132,626,117,131,115,121,142,646,131,126,129,134,126,692,162,128,121,137,144,749,159,149,152,147,142,695,136,144,161,141,113,659,114,151,135,124,135,688,146,138,109,145,150,743,148,145,141,157,152,748,145,150,179,154,120,531,133,99,124,91,84,272,76,62,51,39,44,205,51,56,34,32,32,116,32,15,27,22,20,98,19,26,19,19,15,63,14,13,21,9,6,16,6,5,4,1,0,5,2,2,1,0,0,0
本揚里　,男,4431,198,45,36,43,34,40,330,45,68,65,71,81,397,70,78,82,100,67,310,63,73,50,58,66,328,62,60,68,63,75,349,81,66,60,77,65,364,71,74,76,76,67,265,62,43,65,51,44,265,50,55,51,53,56,309,66,62,50,70,61,328,59,75,70,67,57,359,74,65,89,67,64,266,73,47,63,39,44,139,36,27,35,16,25,96,30,25,10,13,18,47,14,6,10,8,9,45,11,10,7,11,6,23,4,7,10,2,0,12,4,4,4,0,0,1,1,0,0,0,0,0
本揚里　,女,4917,198,34,42,45,39,38,294,51,55,53,70,65,379,70,78,88,78,65,316,54,58,65,63,76,318,69,66,61,71,51,343,81,62,61,60,79,385,88,75,76,71,75,430,74,101,96,90,69,394,64,96,84,71,79,379,80,76,59,75,89,415,89,70,71,90,95,389,71,85,90,87,56,265,60,52,61,52,40,133,40,35,16,23,19,109,21,31,24,19,14,69,18,9,17,14,11,53,8,16,12,8,9,40,10,6,11,7,6,4,2,1,0,1,0,4,1,2,1,0,0,0
本館里　,小計,9745,385,78,68,88,69,82,311,84,78,47,58,44,349,47,47,59,96,100,646,105,127,127,151,136,709,132,135,146,160,136,777,169,143,143,147,175,899,172,188,191,173,175,795,157,148,189,157,144,792,154,140,145,162,191,864,182,159,179,180,164,861,182,186,153,161,179,797,161,160,169,156,151,595,127,124,123,115,106,322,71,75,47,55,74,279,63,63,57,55,41,208,48,45,36,46,33,95,25,19,21,17,13,40,10,11,14,3,2,17,7,4,4,0,2,3,1,0,0,1,1,1
本館里　,男,4777,210,40,40,51,38,41,163,45,40,25,32,21,181,26,26,27,49,53,298,46,58,58,70,66,370,63,78,71,90,68,408,92,80,78,75,83,460,87,104,109,81,79,399,79,75,95,81,69,404,80,75,74,85,90,368,81,52,89,73,73,423,93,98,70,79,83,386,76,72,88,73,77,264,53,54,59,53,45,162,42,38,22,24,36,126,28,29,29,22,18,87,15,24,12,20,16,45,15,9,7,10,4,18,7,4,4,2,1,5,3,1,0,0,1,0,0,0,0,0,0,0
本館里　,女,4968,175,38,28,37,31,41,148,39,38,22,26,23,168,21,21,32,47,47,348,59,69,69,81,70,339,69,57,75,70,68,369,77,63,65,72,92,439,85,84,82,92,96,396,78,73,94,76,75,388,74,65,71,77,101,496,101,107,90,107,91,438,89,88,83,82,96,411,85,88,81,83,74,331,74,70,64,62,61,160,29,37,25,31,38,153,35,34,28,33,23,121,33,21,24,26,17,50,10,10,14,7,9,22,3,7,10,1,1,12,4,3,4,0,1,3,1,0,0,1,1,1
正順里　,小計,4631,156,30,36,30,24,36,182,37,32,41,33,39,299,54,46,51,75,73,325,53,68,62,63,79,332,74,69,60,64,65,348,74,55,56,84,79,411,85,101,74,70,81,342,62,59,82,61,78,338,76,53,73,68,68,398,75,74,82,84,83,370,80,64,66,84,76,340,61,76,71,71,61,306,64,72,79,44,47,162,48,30,31,21,32,119,32,12,26,29,20,98,30,22,14,16,16,62,13,16,13,11,9,32,9,10,8,1,4,8,4,2,2,0,0,2,1,0,1,0,0,1
正順里　,男,2220,80,16,18,13,12,21,87,12,17,21,16,21,143,29,25,22,38,29,172,30,30,29,40,43,166,39,35,26,33,33,161,34,23,31,38,35,208,43,56,35,38,36,163,35,29,37,22,40,165,42,21,36,36,30,180,27,34,40,37,42,155,27,25,28,37,38,168,36,38,37,30,27,149,30,34,40,19,26,79,20,17,21,7,14,53,14,8,8,13,10,40,15,5,8,5,7,34,8,8,5,9,4,12,4,3,4,0,1,5,2,2,1,0,0,0,0,0,0,0,0,0
正順里　,女,2411,76,14,18,17,12,15,95,25,15,20,17,18,156,25,21,29,37,44,153,23,38,33,23,36,166,35,34,34,31,32,187,40,32,25,46,44,203,42,45,39,32,45,179,27,30,45,39,38,173,34,32,37,32,38,218,48,40,42,47,41,215,53,39,38,47,38,172,25,38,34,41,34,157,34,38,39,25,21,83,28,13,10,14,18,66,18,4,18,16,10,58,15,17,6,11,9,28,5,8,8,2,5,20,5,7,4,1,3,3,2,0,1,0,0,2,1,0,1,0,0,1
正興里　,小計,14283,503,87,121,111,88,96,689,104,122,146,143,174,1183,201,240,240,265,237,1158,222,241,236,221,238,966,207,200,182,201,176,900,180,175,154,180,211,1115,200,249,227,227,212,1194,225,255,266,224,224,1387,231,263,267,329,297,1366,295,270,267,269,265,1184,250,269,233,234,198,889,176,177,188,188,160,666,154,147,130,128,107,367,112,87,56,43,69,302,72,47,65,72,46,209,54,45,41,35,34,116,31,22,26,20,17,71,22,24,5,8,12,12,4,3,2,1,2,6,2,1,2,1,0,0
正興里　,男,6740,250,40,62,56,42,50,385,58,63,82,83,99,609,98,125,130,139,117,570,106,121,118,102,123,505,105,91,110,108,91,482,102,89,83,102,106,538,104,108,119,105,102,490,95,91,110,100,94,580,85,110,108,154,123,627,121,147,122,113,124,539,115,111,107,106,100,393,78,82,82,87,64,315,66,68,57,71,53,158,47,36,24,18,33,134,38,20,32,20,24,81,17,21,15,15,13,43,10,8,13,5,7,33,9,12,4,6,2,5,2,0,2,0,1,3,2,0,0,1,0,0
正興里　,女,7543,253,47,59,55,46,46,304,46,59,64,60,75,574,103,115,110,126,120,588,116,120,118,119,115,461,102,109,72,93,85,418,78,86,71,78,105,577,96,141,108,122,110,704,130,164,156,124,130,807,146,153,159,175,174,739,174,123,145,156,141,645,135,158,126,128,98,496,98,95,106,101,96,351,88,79,73,57,54,209,65,51,32,25,36,168,34,27,33,52,22,128,37,24,26,20,21,73,21,14,13,15,10,38,13,12,1,2,10,7,2,3,0,1,1,3,0,1,2,0,0,0
安吉里　,小計,5737,192,35,50,37,35,35,247,39,38,59,53,58,359,73,67,68,77,74,357,58,72,70,68,89,376,64,67,84,79,82,432,110,73,74,83,92,508,107,99,88,110,104,435,85,83,101,78,88,486,85,94,90,105,112,448,91,73,105,100,79,492,99,99,103,89,102,467,91,96,91,81,108,376,84,86,82,63,61,203,54,44,37,31,37,161,27,32,31,37,34,93,21,25,17,19,11,65,11,16,15,13,10,33,6,5,6,12,4,5,1,1,1,2,0,2,0,0,1,0,1,0
安吉里　,男,2735,94,21,20,21,18,14,112,17,15,31,17,32,196,41,36,37,43,39,185,35,43,25,31,51,191,28,38,43,40,42,215,55,35,27,47,51,269,59,52,43,53,62,216,47,43,44,42,40,204,35,30,34,47,58,201,42,34,44,46,35,205,41,44,45,33,42,220,42,47,41,35,55,170,36,37,41,26,30,91,22,21,16,13,19,77,16,10,18,18,15,42,11,12,9,5,5,32,5,9,6,5,7,11,2,2,3,4,0,4,1,1,1,1,0,0,0,0,0,0,0,0
安吉里　,女,3002,98,14,30,16,17,21,135,22,23,28,36,26,163,32,31,31,34,35,172,23,29,45,37,38,185,36,29,41,39,40,217,55,38,47,36,41,239,48,47,45,57,42,219,38,40,57,36,48,282,50,64,56,58,54,247,49,39,61,54,44,287,58,55,58,56,60,247,49,49,50,46,53,206,48,49,41,37,31,112,32,23,21,18,18,84,11,22,13,19,19,51,10,13,8,14,6,33,6,7,9,8,3,22,4,3,3,8,4,1,0,0,0,1,0,2,0,0,1,0,1,0
安康里　,小計,3476,83,12,20,16,19,16,113,16,26,18,31,22,192,34,36,31,40,51,205,36,39,45,43,42,188,33,43,37,39,36,183,42,20,41,39,41,259,43,46,60,52,58,327,65,60,83,59,60,293,59,51,63,61,59,287,59,59,51,69,49,250,40,47,52,64,47,280,50,54,61,64,51,267,48,53,63,51,52,180,45,32,32,20,51,156,37,31,26,37,25,117,21,28,20,24,24,53,15,11,11,9,7,28,9,5,3,8,3,12,4,1,3,2,2,3,2,0,0,0,1,0
安康里　,男,1777,46,8,12,5,13,8,69,9,13,12,24,11,102,16,15,18,21,32,100,17,17,19,25,22,94,19,23,19,19,14,100,22,10,24,19,25,123,21,23,28,25,26,167,37,32,41,24,33,146,25,21,40,33,27,159,31,30,26,43,29,133,23,25,33,27,25,145,32,28,26,32,27,133,22,25,33,22,31,88,23,13,17,11,24,78,18,12,13,20,15,50,10,9,10,12,9,29,7,7,5,4,6,12,7,1,1,2,1,3,1,0,0,1,1,0,0,0,0,0,0,0
安康里　,女,1699,37,4,8,11,6,8,44,7,13,6,7,11,90,18,21,13,19,19,105,19,22,26,18,20,94,14,20,18,20,22,83,20,10,17,20,16,136,22,23,32,27,32,160,28,28,42,35,27,147,34,30,23,28,32,128,28,29,25,26,20,117,17,22,19,37,22,135,18,26,35,32,24,134,26,28,30,29,21,92,22,19,15,9,27,78,19,19,13,17,10,67,11,19,10,12,15,24,8,4,6,5,1,16,2,4,2,6,2,9,3,1,3,1,1,3,2,0,0,0,1,0
安發里　,小計,5526,181,25,50,46,27,33,222,41,41,49,36,55,348,55,61,73,85,74,354,53,86,68,70,77,398,89,60,71,96,82,481,96,91,83,106,105,492,97,111,94,98,92,398,89,85,91,64,69,339,63,72,71,68,65,363,71,66,86,72,68,482,60,98,108,108,108,552,100,116,125,105,106,431,106,101,88,71,65,188,68,44,25,27,24,125,23,27,28,30,17,79,18,15,13,17,16,45,7,9,8,9,12,36,7,4,7,7,11,10,4,6,0,0,0,2,0,0,2,0,0,0
安發里　,男,2581,83,13,20,28,9,13,129,25,24,26,19,35,189,33,31,35,45,45,172,26,38,32,42,34,195,42,33,32,45,43,245,47,47,42,59,50,221,45,45,43,44,44,178,47,40,39,24,28,152,29,34,36,31,22,146,29,32,36,25,24,193,25,30,49,41,48,245,41,55,55,47,47,207,43,51,42,32,39,92,33,28,8,12,11,56,10,14,12,15,5,31,9,4,5,8,5,23,5,4,5,3,6,20,4,1,4,4,7,4,1,3,0,0,0,0,0,0,0,0,0,0
安發里　,女,2945,98,12,30,18,18,20,93,16,17,23,17,20,159,22,30,38,40,29,182,27,48,36,28,43,203,47,27,39,51,39,236,49,44,41,47,55,271,52,66,51,54,48,220,42,45,52,40,41,187,34,38,35,37,43,217,42,34,50,47,44,289,35,68,59,67,60,307,59,61,70,58,59,224,63,50,46,39,26,96,35,16,17,15,13,69,13,13,16,15,12,48,9,11,8,9,11,22,2,5,3,6,6,16,3,3,3,3,4,6,3,3,0,0,0,2,0,0,2,0,0,0
安寧里　,小計,2248,63,14,7,12,11,19,86,12,15,20,18,21,78,12,9,17,19,21,130,21,24,21,35,29,125,22,35,23,26,19,128,28,24,22,27,27,159,22,33,41,28,35,201,43,37,40,42,39,203,42,39,33,41,48,176,35,33,31,37,40,181,35,39,29,38,40,162,33,32,26,35,36,172,32,35,43,38,24,106,30,24,22,13,17,133,25,30,28,31,19,83,21,20,16,14,12,33,10,5,9,4,5,21,3,2,5,8,3,4,1,3,0,0,0,4,0,1,2,0,1,0
安寧里　,男,1124,27,5,2,7,5,8,39,5,7,12,4,11,41,5,4,8,11,13,57,8,12,10,20,7,70,12,19,11,19,9,59,15,14,7,10,13,81,11,16,19,13,22,114,22,18,24,24,26,111,21,24,19,25,22,99,17,21,21,19,21,95,18,22,16,21,18,79,13,20,18,13,15,85,17,16,23,18,11,45,11,10,10,5,9,60,12,16,14,8,10,36,10,10,4,5,7,15,4,3,4,2,2,6,0,1,2,2,1,1,0,1,0,0,0,4,0,1,2,0,1,0
安寧里　,女,1124,36,9,5,5,6,11,47,7,8,8,14,10,37,7,5,9,8,8,73,13,12,11,15,22,55,10,16,12,7,10,69,13,10,15,17,14,78,11,17,22,15,13,87,21,19,16,18,13,92,21,15,14,16,26,77,18,12,10,18,19,86,17,17,13,17,22,83,20,12,8,22,21,87,15,19,20,20,13,61,19,14,12,8,8,73,13,14,14,23,9,47,11,10,12,9,5,18,6,2,5,2,3,15,3,1,3,6,2,3,1,2,0,0,0,0,0,0,0,0,0,0
鼎力里　,小計,4348,183,36,46,34,34,33,181,29,40,32,36,44,250,47,49,52,63,39,266,41,65,45,62,53,324,60,65,60,69,70,320,57,71,51,60,81,418,76,92,72,83,95,356,79,71,84,63,59,316,75,56,75,49,61,300,53,80,54,62,51,347,59,71,69,80,68,331,48,66,70,83,64,308,66,65,62,63,52,193,53,42,36,31,31,103,23,21,22,17,20,70,15,23,7,16,9,54,11,13,10,8,12,22,6,3,7,5,1,6,2,0,3,1,0,0,0,0,0,0,0,0
鼎力里　,男,2145,107,21,24,19,18,25,93,15,19,20,20,19,129,29,22,26,32,20,134,23,32,27,29,23,165,33,36,31,28,37,163,29,37,27,28,42,201,44,39,40,30,48,181,37,39,54,33,18,157,38,21,36,28,34,150,29,41,24,29,27,150,30,26,26,35,33,155,23,29,37,34,32,152,32,31,35,26,28,101,26,22,15,18,20,45,9,11,11,7,7,27,5,9,2,7,4,22,7,3,3,3,6,12,2,2,4,3,1,1,0,0,0,1,0,0,0,0,0,0,0,0
鼎力里　,女,2203,76,15,22,15,16,8,88,14,21,12,16,25,121,18,27,26,31,19,132,18,33,18,33,30,159,27,29,29,41,33,157,28,34,24,32,39,217,32,53,32,53,47,175,42,32,30,30,41,159,37,35,39,21,27,150,24,39,30,33,24,197,29,45,43,45,35,176,25,37,33,49,32,156,34,34,27,37,24,92,27,20,21,13,11,58,14,10,11,10,13,43,10,14,5,9,5,32,4,10,7,5,6,10,4,1,3,2,0,5,2,0,3,0,0,0,0,0,0,0,0,0
鼎中里　,小計,3850,155,30,41,35,22,27,107,31,16,25,17,18,110,20,21,14,25,30,220,29,41,43,53,54,304,48,61,53,79,63,324,73,53,63,67,68,375,70,85,73,69,78,312,66,54,75,64,53,274,61,52,48,62,51,287,57,51,64,50,65,340,48,76,68,74,74,358,64,81,84,63,66,273,55,54,67,48,49,151,36,35,22,27,31,102,27,22,11,25,17,82,21,18,18,10,15,46,14,17,8,2,5,23,7,5,5,3,3,5,3,1,1,0,0,2,0,1,0,1,0,0
鼎中里　,男,1921,94,23,21,20,12,18,45,10,4,15,5,11,53,9,12,5,9,18,114,15,18,23,30,28,155,31,28,24,43,29,168,38,30,36,30,34,185,33,48,39,31,34,159,33,27,38,28,33,150,37,27,23,30,33,151,31,19,34,27,40,150,24,34,30,29,33,164,28,41,40,32,23,144,26,30,38,23,27,74,13,20,11,15,15,45,11,8,5,12,9,39,10,10,7,4,8,20,5,9,4,1,1,11,5,4,1,0,1,0,0,0,0,0,0,0,0,0,0,0,0,0
鼎中里　,女,1929,61,7,20,15,10,9,62,21,12,10,12,7,57,11,9,9,16,12,106,14,23,20,23,26,149,17,33,29,36,34,156,35,23,27,37,34,190,37,37,34,38,44,153,33,27,37,36,20,124,24,25,25,32,18,136,26,32,30,23,25,190,24,42,38,45,41,194,36,40,44,31,43,129,29,24,29,25,22,77,23,15,11,12,16,57,16,14,6,13,8,43,11,8,11,6,7,26,9,8,4,1,4,12,2,1,4,3,2,5,3,1,1,0,0,2,0,1,0,1,0,0
鼎西里　,小計,8107,375,67,87,79,63,79,354,75,84,64,66,65,362,61,62,56,87,96,480,84,95,92,91,118,567,120,110,105,140,92,587,119,115,89,104,160,783,158,148,163,151,163,841,184,186,165,154,152,759,164,162,134,157,142,622,142,140,108,103,129,576,134,119,97,106,120,582,116,110,117,130,109,456,115,116,86,80,59,278,84,59,43,46,46,222,54,41,35,56,36,133,30,28,25,27,23,73,15,15,9,19,15,44,14,12,7,4,7,13,4,4,2,3,0,0,0,0,0,0,0,0
鼎西里　,男,3940,186,40,37,39,30,40,195,45,51,32,33,34,183,33,35,28,40,47,260,51,58,44,44,63,269,55,54,49,70,41,307,61,62,50,57,77,380,66,82,81,72,79,407,79,75,92,85,76,353,80,74,64,70,65,314,75,69,54,52,64,260,60,58,42,43,57,258,51,42,61,57,47,213,59,56,39,36,23,132,44,29,16,22,21,96,21,18,17,28,12,65,18,11,13,12,11,34,10,7,4,8,5,22,7,5,4,3,3,6,3,1,0,2,0,0,0,0,0,0,0,0
鼎西里　,女,4167,189,27,50,40,33,39,159,30,33,32,33,31,179,28,27,28,47,49,220,33,37,48,47,55,298,65,56,56,70,51,280,58,53,39,47,83,403,92,66,82,79,84,434,105,111,73,69,76,406,84,88,70,87,77,308,67,71,54,51,65,316,74,61,55,63,63,324,65,68,56,73,62,243,56,60,47,44,36,146,40,30,27,24,25,126,33,23,18,28,24,68,12,17,12,15,12,39,5,8,5,11,10,22,7,7,3,1,4,7,1,3,2,1,0,0,0,0,0,0,0,0
鼎金里　,小計,4563,208,39,51,43,35,40,129,27,30,22,31,19,178,29,27,31,34,57,315,48,52,76,70,69,331,61,77,59,71,63,355,77,69,70,61,78,439,85,87,94,87,86,382,86,70,83,79,64,329,63,77,62,70,57,410,81,76,94,85,74,393,75,85,90,76,67,350,65,83,66,75,61,265,52,56,57,57,43,172,44,45,34,24,25,126,24,28,21,24,29,91,21,21,16,20,13,49,9,11,14,8,7,32,8,8,7,3,6,8,3,1,2,1,1,0,0,0,0,0,0,1
鼎金里　,男,2281,110,17,29,24,21,19,65,14,17,6,23,5,89,16,14,13,17,29,164,26,20,36,40,42,172,34,41,29,35,33,189,50,36,33,28,42,221,44,42,46,44,45,181,43,32,40,36,30,167,30,42,32,38,25,213,43,45,43,43,39,180,41,37,34,39,29,171,32,41,37,33,28,121,25,27,25,27,17,92,22,28,17,10,15,60,17,9,10,11,13,40,4,11,8,11,6,24,5,5,7,3,4,17,3,4,5,0,5,5,2,0,1,1,1,0,0,0,0,0,0,0
鼎金里　,女,2282,98,22,22,19,14,21,64,13,13,16,8,14,89,13,13,18,17,28,151,22,32,40,30,27,159,27,36,30,36,30,166,27,33,37,33,36,218,41,45,48,43,41,201,43,38,43,43,34,162,33,35,30,32,32,197,38,31,51,42,35,213,34,48,56,37,38,179,33,42,29,42,33,144,27,29,32,30,26,80,22,17,17,14,10,66,7,19,11,13,16,51,17,10,8,9,7,25,4,6,7,5,3,15,5,4,2,3,1,3,1,1,1,0,0,0,0,0,0,0,0,1
鼎泰里　,小計,24464,960,166,228,186,177,203,1271,192,261,259,246,313,1826,282,304,342,450,448,1996,368,453,373,401,401,1596,360,295,322,313,306,1447,331,262,265,303,286,1620,282,321,324,341,352,1911,357,331,386,397,440,2705,473,496,520,591,625,2691,580,556,543,511,501,2019,455,457,372,405,330,1499,327,270,303,315,284,1102,241,213,258,205,185,632,165,137,124,90,116,541,129,125,100,89,98,314,73,72,52,61,56,212,45,46,45,35,41,100,30,22,19,22,7,18,6,6,3,1,2,2,2,0,0,0,0,2
鼎泰里　,男,11535,473,75,111,101,85,101,639,97,129,138,118,157,962,146,161,184,240,231,1027,189,227,183,207,221,810,181,151,167,157,154,740,171,143,124,165,137,722,118,158,153,150,143,830,155,150,172,170,183,1159,201,213,211,276,258,1236,254,254,262,238,228,936,209,222,181,170,154,685,153,130,140,132,130,472,102,94,110,92,74,284,72,55,63,44,50,235,58,47,53,37,40,140,34,31,21,28,26,119,26,25,25,18,25,56,13,10,16,12,5,7,2,2,2,1,0,1,1,0,0,0,0,2
鼎泰里　,女,12929,487,91,117,85,92,102,632,95,132,121,128,156,864,136,143,158,210,217,969,179,226,190,194,180,786,179,144,155,156,152,707,160,119,141,138,149,898,164,163,171,191,209,1081,202,181,214,227,257,1546,272,283,309,315,367,1455,326,302,281,273,273,1083,246,235,191,235,176,814,174,140,163,183,154,630,139,119,148,113,111,348,93,82,61,46,66,306,71,78,47,52,58,174,39,41,31,33,30,93,19,21,20,17,16,44,17,12,3,10,2,11,4,4,1,0,2,1,1,0,0,0,0,0
鼎強里　,小計,4405,155,29,37,28,26,35,187,39,37,31,38,42,227,41,39,43,48,56,266,47,49,63,61,46,325,58,62,60,60,85,363,76,75,60,65,87,410,76,79,95,77,83,384,81,72,87,75,69,304,52,52,64,67,69,333,60,66,65,71,71,377,72,71,84,77,73,385,84,80,81,75,65,296,66,57,62,66,45,149,34,35,27,22,31,117,29,24,23,22,19,74,25,17,7,13,12,33,6,7,6,6,8,18,7,4,2,4,1,2,0,1,1,0,0,0,0,0,0,0,0,0
鼎強里　,男,2173,82,16,15,16,14,21,99,23,18,17,18,23,116,22,20,18,29,27,132,24,24,35,30,19,177,34,35,30,34,44,172,35,31,26,33,47,204,36,46,49,39,34,203,35,36,51,40,41,155,29,24,32,34,36,155,31,27,36,27,34,173,35,29,39,34,36,169,39,41,36,32,21,139,26,25,32,33,23,76,15,17,16,14,14,56,11,11,12,12,10,39,11,7,4,9,8,17,3,4,3,2,5,8,3,1,1,3,0,1,0,0,1,0,0,0,0,0,0,0,0,0
鼎強里　,女,2232,73,13,22,12,12,14,88,16,19,14,20,19,111,19,19,25,19,29,134,23,25,28,31,27,148,24,27,30,26,41,191,41,44,34,32,40,206,40,33,46,38,49,181,46,36,36,35,28,149,23,28,32,33,33,178,29,39,29,44,37,204,37,42,45,43,37,216,45,39,45,43,44,157,40,32,30,33,22,73,19,18,11,8,17,61,18,13,11,10,9,35,14,10,3,4,4,16,3,3,3,4,3,10,4,3,1,1,1,1,0,1,0,0,0,0,0,0,0,0,0,0
鼎盛里　,小計,8797,391,71,82,77,76,85,451,90,91,88,80,102,498,78,88,99,130,103,619,112,143,123,133,108,667,149,149,124,120,125,644,152,111,102,133,146,783,123,200,141,167,152,828,197,166,162,159,144,755,153,145,157,145,155,720,151,135,129,152,153,652,140,121,151,133,107,624,120,147,134,115,108,501,112,109,113,85,82,253,76,51,39,40,47,194,47,43,40,29,35,101,20,30,21,17,13,61,12,14,16,11,8,42,9,10,7,6,10,12,5,3,3,1,0,0,0,0,0,0,0,1
鼎盛里　,男,4276,183,38,39,28,39,39,243,51,51,45,38,58,276,49,43,48,74,62,311,58,67,70,62,54,338,71,83,62,71,51,303,83,48,46,65,61,391,55,96,73,87,80,380,92,87,77,60,64,378,71,73,79,69,86,344,80,60,63,75,66,291,58,54,66,56,57,299,58,70,70,49,52,227,53,43,49,39,43,128,38,33,16,19,22,82,27,17,11,13,14,45,12,15,7,2,9,30,3,9,10,4,4,22,4,6,2,5,5,4,2,1,1,0,0,0,0,0,0,0,0,1
鼎盛里　,女,4521,208,33,43,49,37,46,208,39,40,43,42,44,222,29,45,51,56,41,308,54,76,53,71,54,329,78,66,62,49,74,341,69,63,56,68,85,392,68,104,68,80,72,448,105,79,85,99,80,377,82,72,78,76,69,376,71,75,66,77,87,361,82,67,85,77,50,325,62,77,64,66,56,274,59,66,64,46,39,125,38,18,23,21,25,112,20,26,29,16,21,56,8,15,14,15,4,31,9,5,6,7,4,20,5,4,5,1,5,8,3,2,2,1,0,0,0,0,0,0,0,0
寶中里　,小計,3720,140,24,37,25,22,32,174,26,32,32,37,47,253,47,47,48,55,56,224,39,50,47,44,44,212,44,38,41,45,44,291,56,48,51,68,68,362,82,67,78,61,74,339,65,71,85,56,62,248,50,41,39,59,59,260,66,41,53,53,47,278,53,69,45,57,54,265,57,57,45,58,48,257,67,45,49,50,46,131,44,20,18,20,29,115,27,24,21,19,24,91,16,27,19,14,15,50,10,8,10,11,11,23,5,4,5,2,7,6,3,0,1,1,1,0,0,0,0,0,0,1
寶中里　,男,1817,70,12,19,14,14,11,101,14,18,21,24,24,140,30,26,25,35,24,117,17,29,28,23,20,103,21,20,21,22,19,156,30,26,21,39,40,163,33,27,44,27,32,161,28,34,38,25,36,116,22,19,20,23,32,115,30,23,20,25,17,131,22,33,26,24,26,133,31,32,25,24,21,121,35,23,24,21,18,68,25,12,8,7,16,49,14,8,7,7,13,43,8,9,12,7,7,18,4,5,3,3,3,9,2,2,2,1,2,2,1,0,1,0,0,0,0,0,0,0,0,1
寶中里　,女,1903,70,12,18,11,8,21,73,12,14,11,13,23,113,17,21,23,20,32,107,22,21,19,21,24,109,23,18,20,23,25,135,26,22,30,29,28,199,49,40,34,34,42,178,37,37,47,31,26,132,28,22,19,36,27,145,36,18,33,28,30,147,31,36,19,33,28,132,26,25,20,34,27,136,32,22,25,29,28,63,19,8,10,13,13,66,13,16,14,12,11,48,8,18,7,7,8,32,6,3,7,8,8,14,3,2,3,1,5,4,2,0,0,1,1,0,0,0,0,0,0,0
寶民里　,小計,3696,151,20,39,33,27,32,140,26,28,26,27,33,258,50,52,47,50,59,231,43,52,51,39,46,273,43,57,59,64,50,285,52,53,50,63,67,349,59,83,77,70,60,318,62,58,85,56,57,290,47,64,49,69,61,267,68,57,53,48,41,267,53,48,54,55,57,297,56,67,55,62,57,245,60,64,45,41,35,114,37,27,25,10,15,90,29,16,17,10,18,59,15,11,7,17,9,39,5,9,9,7,9,19,5,1,7,4,2,4,2,2,0,0,0,0,0,0,0,0,0,0
寶民里　,男,1795,87,8,23,20,16,20,73,17,15,15,12,14,116,23,20,23,27,23,112,20,24,25,17,26,130,19,30,28,31,22,148,27,27,29,35,30,177,36,41,37,36,27,155,36,24,42,26,27,140,19,33,23,34,31,128,35,31,25,17,20,108,20,20,18,25,25,152,26,31,31,33,31,108,30,24,15,23,16,61,17,16,15,5,8,50,16,11,10,6,7,22,4,5,2,7,4,17,2,2,6,3,4,9,4,1,2,2,0,2,0,2,0,0,0,0,0,0,0,0,0,0
寶民里　,女,1901,64,12,16,13,11,12,67,9,13,11,15,19,142,27,32,24,23,36,119,23,28,26,22,20,143,24,27,31,33,28,137,25,26,21,28,37,172,23,42,40,34,33,163,26,34,43,30,30,150,28,31,26,35,30,139,33,26,28,31,21,159,33,28,36,30,32,145,30,36,24,29,26,137,30,40,30,18,19,53,20,11,10,5,7,40,13,5,7,4,11,37,11,6,5,10,5,22,3,7,3,4,5,10,1,0,5,2,2,2,2,0,0,0,0,0,0,0,0,0,0,0
寶玉里　,小計,10303,411,66,99,78,67,101,679,101,144,133,154,147,825,138,167,165,204,151,755,121,155,169,162,148,713,136,148,123,139,167,709,148,129,128,151,153,825,129,157,149,196,194,888,158,188,201,175,166,877,170,184,176,179,168,835,175,178,130,167,185,845,180,179,160,158,168,713,143,145,155,131,139,563,128,101,140,126,68,277,75,62,51,42,47,170,41,38,34,29,28,103,21,22,25,14,21,69,19,11,16,10,13,33,8,9,6,6,4,12,5,2,3,1,1,1,0,0,0,0,1,0
寶玉里　,男,4893,217,28,52,39,40,58,332,46,65,67,74,80,421,68,88,85,108,72,388,63,75,77,92,81,360,71,77,56,72,84,366,82,71,63,80,70,381,56,63,80,89,93,372,75,76,78,77,66,360,73,74,72,74,67,371,77,85,58,64,87,388,89,78,75,69,77,350,66,72,83,61,68,286,61,53,71,64,37,125,36,32,22,15,20,87,22,19,19,16,11,37,11,10,6,3,7,33,9,5,9,4,6,13,3,3,3,2,2,5,3,1,1,0,0,1,0,0,0,0,1,0
寶玉里　,女,5410,194,38,47,39,27,43,347,55,79,66,80,67,404,70,79,80,96,79,367,58,80,92,70,67,353,65,71,67,67,83,343,66,58,65,71,83,444,73,94,69,107,101,516,83,112,123,98,100,517,97,110,104,105,101,464,98,93,72,103,98,457,91,101,85,89,91,363,77,73,72,70,71,277,67,48,69,62,31,152,39,30,29,27,27,83,19,19,15,13,17,66,10,12,19,11,14,36,10,6,7,6,7,20,5,6,3,4,2,7,2,1,2,1,1,0,0,0,0,0,0,0
寶安里　,小計,8061,292,60,66,65,46,55,247,44,61,46,37,59,387,67,69,57,96,98,541,82,128,111,109,111,563,107,103,115,125,113,690,130,118,132,155,155,773,130,170,164,156,153,720,147,127,186,139,121,589,120,105,115,120,129,622,105,134,106,128,149,689,134,142,119,155,139,660,146,135,108,125,146,563,131,121,117,111,83,267,77,64,46,39,41,192,45,44,30,35,38,122,18,32,30,20,22,84,11,22,17,19,15,43,13,6,16,5,3,13,5,2,1,3,2,4,2,1,0,0,1,0
寶安里　,男,3837,163,35,35,33,32,28,125,22,28,23,14,38,201,34,33,29,48,57,301,48,68,68,57,60,269,53,40,60,61,55,357,69,56,75,81,76,361,65,75,79,81,61,348,62,66,95,66,59,257,61,41,47,52,56,284,49,65,53,57,60,273,44,63,55,62,49,308,69,59,48,57,75,249,67,45,48,52,37,139,38,24,32,23,22,87,19,18,17,17,16,50,8,10,12,12,8,40,1,13,9,9,8,18,6,4,6,2,0,5,3,1,0,1,0,2,1,0,0,0,1,0
寶安里　,女,4224,129,25,31,32,14,27,122,22,33,23,23,21,186,33,36,28,48,41,240,34,60,43,52,51,294,54,63,55,64,58,333,61,62,57,74,79,412,65,95,85,75,92,372,85,61,91,73,62,332,59,64,68,68,73,338,56,69,53,71,89,416,90,79,64,93,90,352,77,76,60,68,71,314,64,76,69,59,46,128,39,40,14,16,19,105,26,26,13,18,22,72,10,22,18,8,14,44,10,9,8,10,7,25,7,2,10,3,3,8,2,1,1,2,2,2,1,1,0,0,0,0
寶泰里　,小計,4579,191,33,53,42,28,35,200,44,45,33,43,35,197,37,36,36,38,50,277,38,58,56,65,60,360,60,81,70,73,76,347,72,69,63,73,70,409,73,91,64,83,98,428,82,84,95,81,86,398,73,90,79,93,63,368,81,71,73,69,74,362,58,84,73,76,71,381,69,71,86,77,78,306,75,72,59,48,52,171,50,46,21,28,26,68,18,15,12,14,9,53,11,13,13,9,7,37,9,9,6,8,5,20,4,2,6,4,4,4,1,3,0,0,0,2,0,2,0,0,0,0
寶泰里　,男,2149,92,17,24,21,15,15,108,23,25,19,24,17,105,15,19,25,20,26,144,23,31,28,29,33,187,30,44,39,37,37,167,37,37,31,33,29,176,32,39,30,30,45,203,44,37,55,31,36,176,35,39,37,42,23,162,43,33,33,28,25,156,24,33,30,36,33,168,29,34,37,34,34,150,28,39,32,24,27,81,25,22,10,12,12,27,7,5,4,6,5,17,6,5,4,1,1,19,3,4,3,7,2,8,1,1,3,2,1,2,0,2,0,0,0,1,0,1,0,0,0,0
寶泰里　,女,2430,99,16,29,21,13,20,92,21,20,14,19,18,92,22,17,11,18,24,133,15,27,28,36,27,173,30,37,31,36,39,180,35,32,32,40,41,233,41,52,34,53,53,225,38,47,40,50,50,222,38,51,42,51,40,206,38,38,40,41,49,206,34,51,43,40,38,213,40,37,49,43,44,156,47,33,27,24,25,90,25,24,11,16,14,41,11,10,8,8,4,36,5,8,9,8,6,18,6,5,3,1,3,12,3,1,3,2,3,2,1,1,0,0,0,1,0,1,0,0,0,0
寶珠里　,小計,7195,218,35,60,43,35,45,188,41,31,40,39,37,228,30,30,37,72,59,408,55,90,77,98,88,433,95,80,73,94,91,486,91,88,87,116,104,638,111,136,130,126,135,656,144,118,154,120,120,606,138,112,116,127,113,666,117,142,122,134,151,738,146,150,162,127,153,616,119,119,129,141,108,556,113,112,146,83,102,280,72,64,62,42,40,221,55,45,44,38,39,122,31,14,27,30,20,78,17,18,15,15,13,40,14,6,9,6,5,15,3,5,4,2,1,2,0,0,0,1,1,0
寶珠里　,男,3759,107,17,31,21,15,23,101,17,20,17,24,23,126,11,16,22,41,36,209,29,43,42,44,51,230,51,50,37,47,45,260,51,46,48,54,61,325,61,68,62,69,65,341,80,54,80,68,59,350,73,68,70,67,72,360,57,80,60,82,81,383,77,83,83,66,74,324,61,62,69,76,56,282,52,68,64,43,55,135,44,30,33,11,17,117,32,27,18,17,23,50,11,8,13,12,6,37,4,8,8,9,8,17,6,4,3,3,1,4,0,1,2,1,0,1,0,0,0,1,0,0
寶珠里　,女,3436,111,18,29,22,20,22,87,24,11,23,15,14,102,19,14,15,31,23,199,26,47,35,54,37,203,44,30,36,47,46,226,40,42,39,62,43,313,50,68,68,57,70,315,64,64,74,52,61,256,65,44,46,60,41,306,60,62,62,52,70,355,69,67,79,61,79,292,58,57,60,65,52,274,61,44,82,40,47,145,28,34,29,31,23,104,23,18,26,21,16,72,20,6,14,18,14,41,13,10,7,6,5,23,8,2,6,3,4,11,3,4,2,1,1,1,0,0,0,0,1,0
寶國里　,小計,10053,368,58,72,91,62,85,634,77,110,138,137,172,958,169,220,171,218,180,780,146,150,188,148,148,700,150,142,146,132,130,694,142,132,125,143,152,708,124,139,150,127,168,808,151,156,167,156,178,855,168,159,187,172,169,904,187,193,177,166,181,842,179,162,167,185,149,668,124,142,145,144,113,503,120,123,107,78,75,218,61,43,39,36,39,169,34,33,39,32,31,115,19,27,19,25,25,81,16,20,7,21,17,40,6,11,9,11,3,6,1,2,1,0,2,2,0,0,1,0,1,0
寶國里　,男,4788,192,23,37,53,37,42,334,43,59,71,72,89,491,86,101,95,122,87,397,80,78,93,81,65,373,83,76,83,70,61,370,73,76,73,67,81,367,71,81,79,68,68,332,62,60,79,62,69,330,67,54,74,70,65,375,83,81,65,69,77,377,76,77,79,70,75,317,53,61,74,73,56,240,58,59,44,44,35,101,29,16,16,16,24,86,20,21,16,13,16,52,11,9,4,14,14,32,8,6,4,10,4,19,3,4,5,7,0,3,0,2,0,0,1,0,0,0,0,0,0,0
寶國里　,女,5265,176,35,35,38,25,43,300,34,51,67,65,83,467,83,119,76,96,93,383,66,72,95,67,83,327,67,66,63,62,69,324,69,56,52,76,71,341,53,58,71,59,100,476,89,96,88,94,109,525,101,105,113,102,104,529,104,112,112,97,104,465,103,85,88,115,74,351,71,81,71,71,57,263,62,64,63,34,40,117,32,27,23,20,15,83,14,12,23,19,15,63,8,18,15,11,11,49,8,14,3,11,13,21,3,7,4,4,3,3,1,0,1,0,1,2,0,0,1,0,1,0
寶盛里　,小計,5656,220,50,44,44,33,49,211,52,34,52,39,34,218,24,37,40,62,55,326,62,58,65,70,71,385,86,77,68,75,79,461,93,101,93,81,93,527,97,111,108,91,120,486,109,102,109,88,78,435,96,86,79,96,78,444,78,89,82,93,102,470,105,82,90,90,103,485,95,106,99,98,87,433,87,92,95,82,77,223,59,50,44,27,43,138,33,28,35,21,21,88,14,21,28,15,10,69,12,16,17,13,11,26,11,5,5,3,2,10,0,4,3,1,2,1,0,1,0,0,0,0
寶盛里　,男,2749,116,23,27,25,13,28,104,26,19,26,17,16,112,8,23,21,32,28,167,33,22,35,34,43,210,51,45,30,44,40,257,56,53,53,45,50,271,57,56,48,46,64,219,49,44,46,39,41,185,43,31,32,47,32,209,35,45,32,41,56,217,52,34,40,43,48,214,47,46,47,37,37,204,34,43,53,38,36,116,33,28,23,11,21,69,15,16,20,9,9,32,5,7,8,8,4,29,5,8,3,6,7,15,6,2,3,3,1,3,0,2,1,0,0,0,0,0,0,0,0,0
寶盛里　,女,2907,104,27,17,19,20,21,107,26,15,26,22,18,106,16,14,19,30,27,159,29,36,30,36,28,175,35,32,38,31,39,204,37,48,40,36,43,256,40,55,60,45,56,267,60,58,63,49,37,250,53,55,47,49,46,235,43,44,50,52,46,253,53,48,50,47,55,271,48,60,52,61,50,229,53,49,42,44,41,107,26,22,21,16,22,69,18,12,15,12,12,56,9,14,20,7,6,40,7,8,14,7,4,11,5,3,2,0,1,7,0,2,2,1,2,1,0,1,0,0,0,0
寶華里　,小計,3906,116,19,27,20,21,29,212,30,39,40,44,59,281,49,47,66,58,61,286,49,54,69,51,63,287,47,55,58,62,65,342,69,67,60,72,74,301,65,63,61,48,64,249,43,52,54,57,43,274,50,39,64,54,67,314,58,57,64,70,65,371,70,75,72,75,79,326,76,66,70,60,54,255,58,55,60,42,40,113,41,24,19,16,13,68,20,19,10,10,9,53,14,15,7,11,6,34,10,7,9,4,4,19,6,4,5,2,2,4,3,0,0,1,0,1,0,0,1,0,0,0
寶華里　,男,1860,62,15,13,8,10,16,122,16,20,21,23,42,142,23,25,34,30,30,148,29,29,38,21,31,150,21,29,32,39,29,169,30,34,32,33,40,146,35,25,27,25,34,115,15,25,25,32,18,90,14,10,21,15,30,144,27,27,36,26,28,165,30,35,25,36,39,148,36,31,34,25,22,124,28,29,26,21,20,63,18,13,13,10,9,28,10,7,4,5,2,19,5,4,4,5,1,13,3,1,5,1,3,10,3,2,3,2,0,2,1,0,0,1,0,0,0,0,0,0,0,0
寶華里　,女,2046,54,4,14,12,11,13,90,14,19,19,21,17,139,26,22,32,28,31,138,20,25,31,30,32,137,26,26,26,23,36,173,39,33,28,39,34,155,30,38,34,23,30,134,28,27,29,25,25,184,36,29,43,39,37,170,31,30,28,44,37,206,40,40,47,39,40,178,40,35,36,35,32,131,30,26,34,21,20,50,23,11,6,6,4,40,10,12,6,5,7,34,9,11,3,6,5,21,7,6,4,3,1,9,3,2,2,0,2,2,2,0,0,0,0,1,0,0,1,0,0,0
寶業里　,小計,6019,239,48,54,39,45,53,356,51,75,67,94,69,464,76,99,93,102,94,429,80,104,76,88,81,416,79,73,86,87,91,458,96,84,85,102,91,456,95,94,89,101,77,449,90,81,97,87,94,456,74,87,92,93,110,473,90,86,85,97,115,548,112,110,126,97,103,479,103,100,96,104,76,332,77,80,81,49,45,153,39,42,22,21,29,122,28,12,33,19,30,95,21,20,24,14,16,54,12,12,11,12,7,32,8,8,7,4,5,8,5,1,1,1,0,0,0,0,0,0,0,0
寶業里　,男,2847,139,25,38,20,19,37,182,27,40,32,43,40,225,35,51,48,49,42,227,48,55,34,48,42,194,35,35,44,41,39,236,50,43,43,54,46,210,49,50,37,46,28,182,46,31,40,34,31,192,38,36,37,37,44,204,45,36,37,38,48,238,47,47,59,41,44,225,45,51,46,47,36,172,46,39,40,20,27,79,19,25,10,9,16,59,10,5,20,8,16,34,7,6,10,7,4,27,6,5,6,7,3,19,5,5,5,2,2,3,1,1,0,1,0,0,0,0,0,0,0,0
寶業里　,女,3172,100,23,16,19,26,16,174,24,35,35,51,29,239,41,48,45,53,52,202,32,49,42,40,39,222,44,38,42,46,52,222,46,41,42,48,45,246,46,44,52,55,49,267,44,50,57,53,63,264,36,51,55,56,66,269,45,50,48,59,67,310,65,63,67,56,59,254,58,49,50,57,40,160,31,41,41,29,18,74,20,17,12,12,13,63,18,7,13,11,14,61,14,14,14,7,12,27,6,7,5,5,4,13,3,3,2,2,3,5,4,0,1,0,0,0,0,0,0,0,0,0
寶獅里　,小計,4178,130,25,31,28,23,23,116,20,31,17,26,22,164,25,29,34,30,46,262,37,44,46,63,72,327,71,72,67,58,59,355,71,64,82,73,65,424,89,93,101,69,72,321,68,73,70,58,52,250,53,50,42,56,49,300,45,51,77,58,69,351,65,61,75,74,76,396,74,82,82,67,91,356,73,87,81,60,55,170,45,49,30,19,27,107,22,25,20,19,21,74,13,14,18,12,17,43,7,10,12,7,7,24,6,7,4,4,3,6,4,0,1,0,1,2,0,0,2,0,0,0
寶獅里　,男,2058,66,17,13,14,17,5,57,10,14,11,13,9,87,19,16,14,12,26,134,18,22,26,29,39,160,33,34,35,33,25,194,39,29,53,43,30,226,47,49,53,41,36,160,41,36,35,24,24,138,29,27,31,30,21,130,19,20,30,27,34,155,33,26,32,31,33,178,37,35,36,35,35,171,35,38,42,26,30,86,23,27,16,9,11,49,9,13,7,11,9,28,3,6,9,4,6,21,3,6,6,4,2,13,5,4,1,2,1,4,2,0,1,0,1,1,0,0,1,0,0,0
寶獅里　,女,2120,64,8,18,14,6,18,59,10,17,6,13,13,77,6,13,20,18,20,128,19,22,20,34,33,167,38,38,32,25,34,161,32,35,29,30,35,198,42,44,48,28,36,161,27,37,35,34,28,112,24,23,11,26,28,170,26,31,47,31,35,196,32,35,43,43,43,218,37,47,46,32,56,185,38,49,39,34,25,84,22,22,14,10,16,58,13,12,13,8,12,46,10,8,9,8,11,22,4,4,6,3,5,11,1,3,3,2,2,2,2,0,0,0,0,1,0,0,1,0,0,0
寶德里　,小計,5777,215,40,48,49,36,42,186,41,41,36,37,31,239,41,39,46,54,59,414,72,80,76,86,100,456,98,77,106,81,94,506,120,94,83,107,102,533,99,115,114,95,110,461,102,84,107,81,87,406,84,92,69,87,74,429,88,74,82,89,96,494,96,96,93,101,108,536,97,111,124,113,91,423,99,102,84,77,61,180,50,44,26,26,34,120,28,30,22,20,20,96,28,21,16,14,17,50,12,8,9,14,7,26,7,11,4,2,2,7,4,2,0,0,1,0,0,0,0,0,0,0
寶德里　,男,2797,118,22,22,25,20,29,105,19,26,16,24,20,121,22,16,25,31,27,184,40,38,34,35,37,228,51,35,47,47,48,254,62,45,39,57,51,260,56,49,58,49,48,209,46,42,51,36,34,204,43,46,38,43,34,206,39,36,42,53,36,204,40,36,37,44,47,254,47,57,48,55,47,208,44,48,48,40,28,94,23,23,15,14,19,68,12,19,13,13,11,41,13,7,8,6,7,22,5,6,2,7,2,14,3,6,3,1,1,3,2,0,0,0,1,0,0,0,0,0,0,0
寶德里　,女,2980,97,18,26,24,16,13,81,22,15,20,13,11,118,19,23,21,23,32,230,32,42,42,51,63,228,47,42,59,34,46,252,58,49,44,50,51,273,43,66,56,46,62,252,56,42,56,45,53,202,41,46,31,44,40,223,49,38,40,36,60,290,56,60,56,57,61,282,50,54,76,58,44,215,55,54,36,37,33,86,27,21,11,12,15,52,16,11,9,7,9,55,15,14,8,8,10,28,7,2,7,7,5,12,4,5,1,1,1,4,2,2,0,0,0,0,0,0,0,0,0,0
寶慶里　,小計,3297,124,19,30,27,30,18,167,19,39,29,37,43,226,39,51,45,48,43,211,46,42,44,38,41,198,44,32,40,46,36,260,41,52,52,59,56,329,71,56,65,78,59,256,57,45,66,49,39,242,56,51,41,52,42,243,45,51,54,45,48,224,39,46,53,43,43,319,61,68,62,59,69,241,46,66,46,43,40,89,25,24,10,15,15,70,21,13,16,10,10,45,9,11,3,10,12,28,6,3,5,9,5,20,6,3,5,6,0,4,0,3,1,0,0,1,0,0,1,0,0,0
寶慶里　,男,1581,57,11,15,12,13,6,94,9,17,17,22,29,112,18,22,27,28,17,103,24,18,26,18,17,93,21,16,20,22,14,125,18,22,30,30,25,175,38,29,35,44,29,121,21,26,29,23,22,108,21,26,14,30,17,121,21,30,21,27,22,92,10,25,21,24,12,152,29,32,27,29,35,123,27,34,16,22,24,43,13,10,3,10,7,27,12,4,4,5,2,21,5,4,1,8,3,9,3,0,2,3,1,4,1,1,2,0,0,1,0,1,0,0,0,0,0,0,0,0,0,0
寶慶里　,女,1716,67,8,15,15,17,12,73,10,22,12,15,14,114,21,29,18,20,26,108,22,24,18,20,24,105,23,16,20,24,22,135,23,30,22,29,31,154,33,27,30,34,30,135,36,19,37,26,17,134,35,25,27,22,25,122,24,21,33,18,26,132,29,21,32,19,31,167,32,36,35,30,34,118,19,32,30,21,16,46,12,14,7,5,8,43,9,9,12,5,8,24,4,7,2,2,9,19,3,3,3,6,4,16,5,2,3,6,0,3,0,2,1,0,0,1,0,0,1,0,0,0
寶興里　,小計,7331,306,48,80,61,58,59,242,57,45,45,45,50,290,44,47,53,72,74,403,62,75,77,102,87,519,105,102,108,117,87,603,112,115,90,138,148,738,141,144,154,147,152,666,132,145,147,123,119,593,111,138,104,125,115,566,110,118,130,92,116,564,113,109,111,118,113,596,98,128,121,141,108,514,114,108,112,87,93,303,95,66,54,39,49,184,34,49,39,32,30,118,19,23,27,26,23,74,15,17,15,18,9,40,12,6,13,3,6,10,4,3,2,0,1,1,0,0,0,1,0,1
寶興里　,男,3507,168,25,36,38,37,32,133,30,23,28,25,27,137,22,22,28,30,35,205,31,30,40,57,47,277,57,60,51,64,45,282,59,47,37,63,76,325,59,66,68,68,64,333,69,75,72,60,57,295,60,63,46,69,57,255,49,55,58,41,52,250,54,46,46,49,55,269,46,49,57,74,43,234,46,56,53,40,39,147,49,26,29,21,22,102,20,32,18,13,19,43,7,9,10,7,10,31,4,8,6,8,5,19,7,1,6,1,4,2,1,0,0,0,1,0,0,0,0,0,0,0
寶興里　,女,3824,138,23,44,23,21,27,109,27,22,17,20,23,153,22,25,25,42,39,198,31,45,37,45,40,242,48,42,57,53,42,321,53,68,53,75,72,413,82,78,86,79,88,333,63,70,75,63,62,298,51,75,58,56,58,311,61,63,72,51,64,314,59,63,65,69,58,327,52,79,64,67,65,280,68,52,59,47,54,156,46,40,25,18,27,82,14,17,21,19,11,75,12,14,17,19,13,43,11,9,9,10,4,21,5,5,7,2,2,8,3,3,2,0,0,1,0,0,0,1,0,1
寶龍里　,小計,5143,180,32,38,41,32,37,237,36,47,52,50,52,368,60,70,75,94,69,340,54,65,87,80,54,294,69,51,63,56,55,313,70,52,56,65,70,411,72,82,85,81,91,440,93,90,85,87,85,423,86,77,82,103,75,428,95,104,74,80,75,355,82,73,54,71,75,357,72,68,75,79,63,355,82,75,77,60,61,231,51,51,47,34,48,184,42,44,39,26,33,112,24,20,23,25,20,66,18,14,12,12,10,32,7,11,5,4,5,16,3,5,3,3,2,1,0,0,1,0,0,0
寶龍里　,男,2535,108,18,19,27,15,29,142,21,31,26,33,31,199,35,36,38,52,38,166,29,30,41,41,25,162,38,29,34,30,31,164,37,28,28,38,33,198,33,40,40,38,47,195,45,34,44,38,34,199,33,41,40,50,35,217,46,59,41,31,40,166,40,30,26,32,38,169,31,35,32,42,29,155,36,29,30,35,25,108,17,23,22,15,31,93,23,27,19,11,13,49,7,9,14,11,8,31,11,5,5,5,5,12,3,3,2,3,1,2,0,0,0,1,1,0,0,0,0,0,0,0
寶龍里　,女,2608,72,14,19,14,17,8,95,15,16,26,17,21,169,25,34,37,42,31,174,25,35,46,39,29,132,31,22,29,26,24,149,33,24,28,27,37,213,39,42,45,43,44,245,48,56,41,49,51,224,53,36,42,53,40,211,49,45,33,49,35,189,42,43,28,39,37,188,41,33,43,37,34,200,46,46,47,25,36,123,34,28,25,19,17,91,19,17,20,15,20,63,17,11,9,14,12,35,7,9,7,7,5,20,4,8,3,1,4,14,3,5,3,2,1,1,0,0,1,0,0,0
灣子里　,小計,4215,179,39,49,34,29,28,117,24,28,23,15,27,160,20,25,30,39,46,263,51,57,40,62,53,273,54,52,43,63,61,286,54,49,52,57,74,406,80,74,77,84,91,434,83,79,124,62,86,410,81,86,79,72,92,376,76,71,80,66,83,321,59,68,68,49,77,299,63,61,55,57,63,262,54,61,45,62,40,166,50,33,33,25,25,126,22,24,26,29,25,74,23,14,10,16,11,31,12,8,4,3,4,22,7,6,5,2,2,7,2,2,2,1,0,3,0,2,1,0,0,0
灣子里　,男,2047,95,21,27,20,13,14,61,11,14,14,6,16,81,11,14,16,16,24,148,31,35,23,33,26,136,30,23,24,29,30,147,32,23,21,34,37,184,29,34,37,43,41,210,44,38,64,28,36,196,40,37,39,31,49,187,37,31,43,34,42,149,27,34,32,21,35,125,25,22,22,28,28,116,28,23,16,28,21,79,23,17,16,9,14,59,10,10,16,11,12,42,12,8,9,6,7,15,6,5,1,2,1,13,3,4,4,1,1,3,1,1,0,1,0,1,0,1,0,0,0,0
灣子里　,女,2168,84,18,22,14,16,14,56,13,14,9,9,11,79,9,11,14,23,22,115,20,22,17,29,27,137,24,29,19,34,31,139,22,26,31,23,37,222,51,40,40,41,50,224,39,41,60,34,50,214,41,49,40,41,43,189,39,40,37,32,41,172,32,34,36,28,42,174,38,39,33,29,35,146,26,38,29,34,19,87,27,16,17,16,11,67,12,14,10,18,13,32,11,6,1,10,4,16,6,3,3,1,3,9,4,2,1,1,1,4,1,1,2,0,0,2,0,1,1,0,0,0
灣中里　,小計,6040,269,62,74,61,40,32,126,31,26,17,25,27,160,17,26,23,47,47,348,49,79,62,79,79,379,60,81,82,79,77,467,83,90,88,106,100,656,118,112,143,145,138,604,126,121,132,113,112,518,103,89,96,114,116,516,113,106,93,103,101,478,91,112,91,99,85,427,86,85,90,87,79,382,77,85,86,64,70,274,70,72,31,38,63,190,38,34,44,38,36,144,34,31,37,26,16,63,12,10,17,18,6,35,10,6,5,11,3,4,0,3,1,0,0,0,0,0,0,0,0,0
灣中里　,男,2964,141,36,32,33,27,13,66,18,14,8,12,14,82,10,15,9,27,21,187,29,43,26,57,32,210,37,46,45,39,43,228,49,47,47,40,45,297,51,48,65,66,67,309,62,61,70,58,58,261,50,38,59,52,62,259,58,54,46,51,50,224,35,56,49,46,38,206,51,31,39,45,40,160,26,38,34,30,32,131,32,34,15,21,29,89,23,18,20,14,14,60,15,13,18,5,9,33,5,4,9,12,3,19,5,3,3,8,0,2,0,1,1,0,0,0,0,0,0,0,0,0
灣中里　,女,3076,128,26,42,28,13,19,60,13,12,9,13,13,78,7,11,14,20,26,161,20,36,36,22,47,169,23,35,37,40,34,239,34,43,41,66,55,359,67,64,78,79,71,295,64,60,62,55,54,257,53,51,37,62,54,257,55,52,47,52,51,254,56,56,42,53,47,221,35,54,51,42,39,222,51,47,52,34,38,143,38,38,16,17,34,101,15,16,24,24,22,84,19,18,19,21,7,30,7,6,8,6,3,16,5,3,2,3,3,2,0,2,0,0,0,0,0,0,0,0,0,0
灣成里　,小計,2659,113,24,26,15,20,28,96,16,20,27,12,21,145,24,23,32,32,34,178,36,37,37,33,35,138,28,35,23,28,24,167,30,27,32,33,45,247,39,39,51,56,62,248,44,55,55,55,39,260,59,60,51,41,49,203,40,50,24,39,50,187,46,35,35,34,37,186,37,36,43,38,32,188,41,37,44,41,25,96,29,18,16,20,13,85,16,19,16,18,16,64,11,15,8,14,16,38,10,7,6,7,8,11,2,4,3,0,2,9,1,3,3,1,1,0,0,0,0,0,0,0
灣成里　,男,1302,50,8,11,6,12,13,47,8,13,13,5,8,74,13,11,19,16,15,103,23,21,19,19,21,66,13,17,15,12,9,83,17,12,18,16,20,110,15,20,23,24,28,121,25,25,24,27,20,121,29,27,26,20,19,109,23,31,11,18,26,102,22,24,18,18,20,81,21,11,21,15,13,93,21,17,22,19,14,47,16,7,7,12,5,39,8,10,8,8,5,27,6,7,2,8,4,19,6,3,3,2,5,6,0,2,3,0,1,4,0,2,1,1,0,0,0,0,0,0,0,0
灣成里　,女,1357,63,16,15,9,8,15,49,8,7,14,7,13,71,11,12,13,16,19,75,13,16,18,14,14,72,15,18,8,16,15,84,13,15,14,17,25,137,24,19,28,32,34,127,19,30,31,28,19,139,30,33,25,21,30,94,17,19,13,21,24,85,24,11,17,16,17,105,16,25,22,23,19,95,20,20,22,22,11,49,13,11,9,8,8,46,8,9,8,10,11,37,5,8,6,6,12,19,4,4,3,5,3,5,2,2,0,0,1,5,1,1,2,0,1,0,0,0,0,0,0,0
灣利里　,小計,3622,129,29,32,26,24,18,79,24,16,15,11,13,102,13,18,18,29,24,206,28,51,39,50,38,215,34,43,34,60,44,273,50,45,50,60,68,324,60,63,66,63,72,368,73,59,98,68,70,269,50,60,55,52,52,244,53,45,54,38,54,261,43,42,40,60,76,274,48,52,54,61,59,318,63,69,65,67,54,209,58,50,46,27,28,154,46,22,26,40,20,107,23,16,25,28,15,64,14,17,9,15,9,16,3,2,6,5,0,9,4,3,0,2,0,1,1,0,0,0,0,0
灣利里　,男,1805,69,15,17,17,11,9,37,14,3,7,8,5,61,8,13,10,16,14,111,14,29,25,22,21,121,19,22,21,38,21,140,23,23,20,41,33,165,27,27,40,31,40,197,43,26,55,36,37,133,24,20,32,31,26,122,30,20,35,12,25,125,15,22,21,28,39,115,26,20,24,24,21,140,29,31,28,27,25,103,31,28,20,12,12,78,20,10,17,22,9,52,14,7,10,14,7,25,8,3,3,8,3,7,1,1,1,4,0,3,1,1,0,1,0,1,1,0,0,0,0,0
灣利里　,女,1817,60,14,15,9,13,9,42,10,13,8,3,8,41,5,5,8,13,10,95,14,22,14,28,17,94,15,21,13,22,23,133,27,22,30,19,35,159,33,36,26,32,32,171,30,33,43,32,33,136,26,40,23,21,26,122,23,25,19,26,29,136,28,20,19,32,37,159,22,32,30,37,38,178,34,38,37,40,29,106,27,22,26,15,16,76,26,12,9,18,11,55,9,9,15,14,8,39,6,14,6,7,6,9,2,1,5,1,0,6,3,2,0,1,0,0,0,0,0,0,0,0
灣勝里　,小計,2168,68,9,15,17,15,12,52,10,13,10,9,10,66,4,8,10,20,24,109,16,19,20,24,30,130,26,23,23,29,29,165,28,25,30,41,41,173,29,35,43,37,29,216,49,52,41,40,34,159,25,32,24,38,40,153,28,33,33,29,30,149,35,26,41,25,22,157,23,37,28,31,38,198,44,40,41,31,42,120,26,25,27,19,23,124,31,30,32,18,13,79,17,22,12,15,13,25,5,8,5,3,4,19,5,5,2,4,3,6,3,1,1,0,1,0,0,0,0,0,0,0
灣勝里　,男,1101,37,4,10,7,9,7,26,6,6,5,3,6,32,3,5,5,8,11,61,10,12,9,16,14,62,16,12,11,12,11,83,12,14,15,19,23,90,14,17,21,23,15,138,30,29,32,26,21,83,12,19,11,22,19,76,16,15,16,15,14,77,21,11,18,15,12,75,9,13,14,19,20,90,25,17,18,11,19,54,9,15,9,10,11,61,11,15,21,9,5,35,7,9,6,8,5,12,2,4,3,1,2,6,1,1,2,0,2,3,1,1,0,0,1,0,0,0,0,0,0,0
灣勝里　,女,1067,31,5,5,10,6,5,26,4,7,5,6,4,34,1,3,5,12,13,48,6,7,11,8,16,68,10,11,12,17,18,82,16,11,15,22,18,83,15,18,22,14,14,78,19,23,9,14,13,76,13,13,13,16,21,77,12,18,17,14,16,72,14,15,23,10,10,82,14,24,14,12,18,108,19,23,23,20,23,66,17,10,18,9,12,63,20,15,11,9,8,44,10,13,6,7,8,13,3,4,2,2,2,13,4,4,0,4,1,3,2,0,1,0,0,0,0,0,0,0,0,0
灣復里　,小計,4171,157,40,39,32,24,22,111,30,12,27,17,25,129,16,20,19,27,47,234,47,25,55,53,54,257,62,61,47,44,43,330,69,64,57,66,74,419,69,87,90,90,83,424,85,92,96,81,70,342,62,76,52,69,83,367,69,77,68,71,82,384,87,94,71,58,74,329,65,62,66,67,69,271,52,64,51,51,53,128,28,30,18,28,24,120,26,24,26,23,21,81,21,24,9,11,16,48,14,10,6,8,10,31,12,3,7,6,3,9,1,2,4,2,0,0,0,0,0,0,0,0
灣復里　,男,2059,81,21,20,19,12,9,50,13,5,13,7,12,75,9,10,15,16,25,120,23,11,32,27,27,151,33,37,30,28,23,171,33,31,24,41,42,216,39,47,49,38,43,212,36,47,44,47,38,159,29,35,27,34,34,168,31,40,34,29,34,193,45,48,28,28,44,149,35,22,26,37,29,121,20,29,23,22,27,61,9,12,11,14,15,58,15,15,8,11,9,40,9,10,6,5,10,18,3,2,3,4,6,10,5,0,3,2,0,6,1,1,3,1,0,0,0,0,0,0,0,0
灣復里　,女,2112,76,19,19,13,12,13,61,17,7,14,10,13,54,7,10,4,11,22,114,24,14,23,26,27,106,29,24,17,16,20,159,36,33,33,25,32,203,30,40,41,52,40,212,49,45,52,34,32,183,33,41,25,35,49,199,38,37,34,42,48,191,42,46,43,30,30,180,30,40,40,30,40,150,32,35,28,29,26,67,19,18,7,14,9,62,11,9,18,12,12,41,12,14,3,6,6,30,11,8,3,4,4,21,7,3,4,4,3,3,0,1,1,1,0,0,0,0,0,0,0,0
灣華里　,小計,2953,94,9,26,17,23,19,52,11,7,15,9,10,94,13,11,14,28,28,167,27,28,30,45,37,182,27,45,32,39,39,185,47,26,34,33,45,255,53,53,46,53,50,269,59,49,62,55,44,282,44,69,46,62,61,285,71,47,51,55,61,234,48,47,47,49,43,232,43,40,55,44,50,203,55,30,48,45,25,126,26,27,23,22,28,134,33,28,28,24,21,87,21,23,17,15,11,42,10,6,10,7,9,19,2,2,4,5,6,10,3,3,2,1,1,1,0,1,0,0,0,0
灣華里　,男,1445,50,3,14,9,12,12,29,5,3,7,6,8,46,7,2,7,14,16,95,16,16,14,30,19,90,12,27,19,12,20,104,22,13,22,21,26,127,31,22,26,23,25,133,29,23,35,25,21,129,21,33,21,25,29,140,35,23,22,30,30,112,22,23,22,26,19,102,24,20,24,17,17,91,33,12,13,17,16,62,11,12,12,12,15,58,12,11,14,13,8,44,11,12,7,8,6,20,3,3,5,3,6,10,0,0,3,4,3,2,0,1,0,1,0,1,0,1,0,0,0,0
灣華里　,女,1508,44,6,12,8,11,7,23,6,4,8,3,2,48,6,9,7,14,12,72,11,12,16,15,18,92,15,18,13,27,19,81,25,13,12,12,19,128,22,31,20,30,25,136,30,26,27,30,23,153,23,36,25,37,32,145,36,24,29,25,31,122,26,24,25,23,24,130,19,20,31,27,33,112,22,18,35,28,9,64,15,15,11,10,13,76,21,17,14,11,13,43,10,11,10,7,5,22,7,3,5,4,3,9,2,2,1,1,3,8,3,2,2,0,1,0,0,0,0,0,0,0
灣愛里　,小計,3564,127,28,20,32,21,26,74,11,13,17,14,19,147,26,27,28,36,30,225,37,49,44,49,46,231,63,42,40,50,36,258,51,46,41,62,58,309,54,66,59,67,63,328,72,67,66,62,61,319,70,54,54,65,76,318,75,59,52,67,65,282,60,55,64,62,41,294,59,64,67,44,60,217,58,37,49,38,35,122,35,21,24,19,23,120,29,18,24,28,21,119,28,21,21,23,26,41,9,12,8,7,5,24,9,8,4,0,3,7,4,1,2,0,0,2,0,1,1,0,0,0
灣愛里　,男,1784,66,15,12,15,11,13,29,2,4,10,6,7,73,13,12,13,17,18,123,19,28,28,24,24,131,33,21,24,34,19,132,28,22,21,30,31,152,25,29,31,34,33,172,40,37,37,31,27,164,29,36,27,33,39,162,33,36,28,30,35,154,33,32,32,38,19,137,22,33,29,23,30,102,36,19,21,17,9,58,19,7,11,10,11,51,9,5,12,15,10,42,12,7,7,6,10,18,3,6,5,3,1,11,4,4,2,0,1,5,2,1,2,0,0,2,0,1,1,0,0,0
灣愛里　,女,1780,61,13,8,17,10,13,45,9,9,7,8,12,74,13,15,15,19,12,102,18,21,16,25,22,100,30,21,16,16,17,126,23,24,20,32,27,157,29,37,28,33,30,156,32,30,29,31,34,155,41,18,27,32,37,156,42,23,24,37,30,128,27,23,32,24,22,157,37,31,38,21,30,115,22,18,28,21,26,64,16,14,13,9,12,69,20,13,12,13,11,77,16,14,14,17,16,23,6,6,3,4,4,13,5,4,2,0,2,2,2,0,0,0,0,0,0,0,0,0,0,0
灣興里　,小計,2291,88,15,17,19,13,24,133,25,34,20,22,32,125,23,28,23,29,22,136,22,27,36,28,23,141,29,20,30,30,32,143,23,30,24,28,38,213,30,49,53,41,40,173,31,27,39,33,43,186,39,39,44,38,26,188,41,42,29,36,40,167,28,42,32,35,30,140,27,28,28,24,33,151,31,27,40,25,28,95,24,20,29,8,14,105,22,23,19,23,18,49,18,9,13,7,2,29,3,8,6,9,3,20,5,5,5,1,4,7,2,0,4,0,1,2,1,0,0,1,0,0
灣興里　,男,1134,41,8,7,12,6,8,63,10,17,12,11,13,64,9,16,11,16,12,77,11,18,20,16,12,75,16,10,16,16,17,71,10,18,10,14,19,109,13,25,27,20,24,80,16,8,17,17,22,89,18,18,23,21,9,93,21,24,13,16,19,90,21,24,19,17,9,73,12,13,14,14,20,71,14,15,16,10,16,48,16,9,16,2,5,44,8,6,10,11,9,24,9,2,8,4,1,13,1,4,2,4,2,5,1,2,1,1,0,4,1,0,2,0,1,0,0,0,0,0,0,0
灣興里　,女,1157,47,7,10,7,7,16,70,15,17,8,11,19,61,14,12,12,13,10,59,11,9,16,12,11,66,13,10,14,14,15,72,13,12,14,14,19,104,17,24,26,21,16,93,15,19,22,16,21,97,21,21,21,17,17,95,20,18,16,20,21,77,7,18,13,18,21,67,15,15,14,10,13,80,17,12,24,15,12,47,8,11,13,6,9,61,14,17,9,12,9,25,9,7,5,3,1,16,2,4,4,5,1,15,4,3,4,0,4,3,1,0,2,0,0,2,1,0,0,1,0,0
